<?xml version="1.0" encoding="UTF-8"?>
<project-private xmlns="http://www.netbeans.org/ns/project-private/1">
    <editor-bookmarks xmlns="http://www.netbeans.org/ns/editor-bookmarks/2" lastBookmarkId="0"/>
    <open-files xmlns="http://www.netbeans.org/ns/projectui-open-files/2">
        <group>
            <file>file:/C:/Users/Utkarsh%20Prabhakar/Documents/NetBeansProjects/SailRTI_1/src/java/bean/UpdateForwardList.java</file>
            <file>file:/C:/Users/Utkarsh%20Prabhakar/Documents/NetBeansProjects/SailRTI_1/web/css/Profile_Stylesheet.css</file>
            <file>file:/C:/Users/Utkarsh%20Prabhakar/Documents/NetBeansProjects/SailRTI_1/web/AdminPage.jsp</file>
            <file>file:/C:/Users/Utkarsh%20Prabhakar/Documents/NetBeansProjects/SailRTI_1/web/js/ProfileJS.js</file>
            <file>file:/C:/Users/Utkarsh%20Prabhakar/Documents/NetBeansProjects/SailRTI_1/src/java/bean/OtherProcesses.java</file>
            <file>file:/C:/Users/Utkarsh%20Prabhakar/Documents/NetBeansProjects/SailRTI_1/web/Profile.jsp</file>
            <file>file:/C:/Users/Utkarsh%20Prabhakar/Documents/NetBeansProjects/SailRTI_1/web/UserMenu.jsp</file>
            <file>file:/C:/Users/Utkarsh%20Prabhakar/Documents/NetBeansProjects/SailRTI_1/src/java/bean/LoginDao.java</file>
        </group>
    </open-files>
</project-private>
